{"Ampèrestraat 4|1098 NK|Amsterdam":[52.3539578,4.9412786],"Balboaplein 82|1057 VS|Amsterdam":[52.3688073,4.8562082],"Bella Vistastraat 152|1096 GM|Amsterdam":[52.3380005,4.9191556],"Bijlmerdreef 876|1103 DV|Amsterdam":[52.3205097,4.966393],"Bijlmerdreef 920|1103 DV|Amsterdam":[52.3207823,4.9671388],"Bosboom Toussaintstraat 48-1|1054 AT|Amsterdam":[52.3654809,4.8753596],"Bosboom Toussaintstraat 48-2|1054 AT|Amsterdam":[52.3654762,4.8753638],"Burgemeester De Vlugtlaan 223|1063 BL|Amsterdam":[52.3817706,4.8181735],"Ceramplein 45|1095 BS|Amsterdam":[52.3631631,4.9411376],"Columbusplein 42-2|1057 VB|Amsterdam":[52.3665168,4.8545319],"Cornelis van Vollenhovenstraat 178|1063 KV|Amsterdam":[52.3810009,4.8207243],"Dijkmeerlaan 435|1096 DE|Amsterdam":[52.339132,4.9238804],"Ennemaborg 97|1082 SN|Amsterdam":[52.3334206,4.8720654],"Eva Besnyöstraat 579|1087 LM|Amsterdam":[52.3489415,5.0101237],"Geerdinkhof 127|1103 PT|Amsterdam":[52.3243964,4.9856305],"Gillis van Ledenberchstraat 93-1|1052 VB|Amsterdam":[52.3759859,4.8719236],"Gillis van Ledenberchstraat 93-H|1052 VB|Amsterdam":[52.3759863,4.8719241],"Gouden Leeuw 825|1103 KS|Amsterdam":[52.3251979,4.9731112],"Haarlemmermeerstraat 66-2|1058 KC|Amsterdam":[52.3558733,4.8500946],"Haarlemmerweg 141-H|1051 KX|Amsterdam":[52.3853099,4.872917],"Hudsonstraat 48-H|1057 SM|Amsterdam":[52.3660299,4.8541566],"Jan Haringstraat 16-4|1056 XJ|Amsterdam":[52.3763017,4.8613884],"Krugerstraat 29-C|1091 LD|Amsterdam":[52.3525589,4.9183133],"Kuipersstraat 164-1|1073 EV|Amsterdam":[52.3530224,4.8995205],"Ladogameerhof 148|1060 RE|Amsterdam":[52.3504485,4.7821458],"Loenermark 498|1025 TS|Amsterdam":[52.3997166,4.9319194],"Nieuwe Jonkerstraat 24|1011 CM|Amsterdam":[52.3737307,4.9018627],"Nieuwe Prinsengracht 94-A|1018 VW|Amsterdam":[52.3637652556806,4.908894399366436],"Oosterpark 37-B|1092 AL|Amsterdam":[52.358485,4.9199585],"Orteliusstraat 208-3|1056 PE|Amsterdam":[52.370528,4.8491394],"Orteliusstraat 244-H|1056 PJ|Amsterdam":[52.3714607,4.8486878],"Overtoom 352-2|1054 JG|Amsterdam":[52.3605457,4.8658636],"Parnassusweg 22-3|1076 AP|Amsterdam":[52.3453979,4.8672005],"Prinsengracht 183-2|1015 DS|Amsterdam":[52.3777824,4.8863394],"Ruyschstraat 70-2|1091 CE|Amsterdam":[52.3576721,4.9113745],"Ruysdaelstraat 99-2|1071 XC|Amsterdam":[52.3530617,4.8789858],"Singel 144|1015 AG|Amsterdam":[52.3755508,4.889977],"Singel 70-G|1015 AC|Amsterdam":[52.37740195,4.89230535],"Sint Willibrordusstraat 48-2|1073 VC|Amsterdam":[52.3541973,4.9010487],"Standerdmolen 71|1035 ED|Amsterdam":[52.4169125,4.8901301],"Swammerdamstraat 8-2|1091 RT|Amsterdam":[52.358769,4.9069588],"Tweede Wittenburgerdwarsstraat 29|1018 LP|Amsterdam":[52.3720389,4.9214699],"VOC-kade 76|1018 LG|Amsterdam":[52.372185,4.9267409],"Van Nijenrodeweg 724|1082 JE|Amsterdam":[52.3274995,4.8704471],"Van Oldenbarneveldtstraat 52-A|1052 KC|Amsterdam":[52.3753943,4.8743533],"Van Ostadestraat 284-H|1073 TW|Amsterdam":[52.3533002,4.8994882],"Vrolikstraat 130-A|1092 TN|Amsterdam":[52.3564553,4.9194757],"Wamberg 39|1083 CW|Amsterdam":[52.3276291,4.8859658],"Westerdok 346|1013 BH|Amsterdam":[52.3845008,4.891698],"Zeeburgerdijk 9-E|1093 SJ|Amsterdam":[52.3660408,4.9273175]}