{"Albardagracht 104|1067 DZ|Amsterdam":[52.3805336,4.8022539],"Ampèrestraat 4|1098 NK|Amsterdam":[52.3539578,4.9412786],"Assendelftstraat 1-3|1013 SN|Amsterdam":[52.3889515,4.8793679],"Balboaplein 82|1057 VS|Amsterdam":[52.3688073,4.8562082],"Bella Vistastraat 152|1096 GM|Amsterdam":[52.3380005,4.9191556],"Benedenlangs 1|1025 KB|Amsterdam":[52.3964682,4.9309102],"Bijlmerdreef 876|1103 DV|Amsterdam":[52.3205097,4.966393],"Bijlmerdreef 920|1103 DV|Amsterdam":[52.3207823,4.9671388],"Blankenstraat 141-3|1018 RW|Amsterdam":[52.370466,4.9307074],"Bonairestraat 65-1|1058 XD|Amsterdam":[52.3617292,4.8551621],"Bosboom Toussaintstraat 48-1|1054 AT|Amsterdam":[52.3654809,4.8753596],"Bosboom Toussaintstraat 48-2|1054 AT|Amsterdam":[52.3654762,4.8753638],"Burgemeester De Vlugtlaan 223|1063 BL|Amsterdam":[52.3817706,4.8181735],"Burgemeester de Kievietstraat 6-B|1111 GN|Diemen":[52.3387181,4.9626292],"Carel Willinkgracht 105|1112 ZK|Diemen":[52.3295205,4.961342],"Carel Willinkgracht 815|1112 ZK|Diemen":[52.3285747,4.9634475],"Ceramplein 45|1095 BS|Amsterdam":[52.3631631,4.9411376],"Columbusplein 42-2|1057 VB|Amsterdam":[52.3665168,4.8545319],"Cornelis Drebbelstraat 21-H|1097 AK|Amsterdam":[52.3534963,4.9281231],"Cornelis van Vollenhovenstraat 178|1063 KV|Amsterdam":[52.3810009,4.8207243],"Cruquiuskade 81|1018 AM|Amsterdam":[52.3676367,4.9288137],"Derkinderenstraat 196|1061 VX|Amsterdam":[52.3678646,4.8406554],"Dijkmeerlaan 317|1096 DE|Amsterdam":[52.339166,4.9236804],"Dijkmeerlaan 435|1096 DE|Amsterdam":[52.339132,4.9238804],"Dolfijnhof 15|1033 AP|Amsterdam":[52.4165358,4.8817559],"Droogbak 5-C|1013 GE|Amsterdam":[52.3798274,4.8939236],"Ennemaborg 97|1082 SN|Amsterdam":[52.3334206,4.8720654],"Eva Besnyöstraat 579|1087 LM|Amsterdam":[52.3489415,5.0101237],"Geerdinkhof 127|1103 PT|Amsterdam":[52.3243964,4.9856305],"Geervliet 87|1082 NM|Amsterdam":[52.3313094,4.8806283],"Geervliet 93|1082 NM|Amsterdam":[52.3312645,4.8806288],"Gillis van Ledenberchstraat 93 2|1052 VB|Amsterdam":[52.376614700233496,4.872115490587807],"Gillis van Ledenberchstraat 93-1|1052 VB|Amsterdam":[52.3759859,4.8719236],"Gillis van Ledenberchstraat 93-H|1052 VB|Amsterdam":[52.3759863,4.8719241],"Gouden Leeuw 825|1103 KS|Amsterdam":[52.3251979,4.9731112],"Haarlemmermeerstraat 66-2|1058 KC|Amsterdam":[52.3558733,4.8500946],"Haarlemmerweg 141-H|1051 KX|Amsterdam":[52.3853099,4.872917],"Havikskruid 135|1112 NK|Diemen":[52.33393,4.954969],"Herengracht 86-1|1015 BS|Amsterdam":[52.3768066,4.8893755],"Hudsonstraat 48-H|1057 SM|Amsterdam":[52.3660299,4.8541566],"Jan Haringstraat 16-4|1056 XJ|Amsterdam":[52.3763017,4.8613884],"Javakade 168|1019 RW|Amsterdam":[52.3779411,4.930014],"Johan van Soesdijkstraat 47-II|1111 BB|Diemen":[52.3402048,4.9541943],"Julianaplantsoen 157|1111 XK|Diemen":[52.3410402,4.968118],"Kinkerstraat 87-1|1053 DH|Amsterdam":[52.3668426,4.8712663],"Korte Blekersstraat 22-3|1053 TM|Amsterdam":[52.3694148,4.8654657],"Korte Van Eeghenstraat 2-C|1071 ER|Amsterdam":[52.3582327,4.875506],"Krugerstraat 29-C|1091 LD|Amsterdam":[52.3525589,4.9183133],"Kuipersstraat 164-1|1073 EV|Amsterdam":[52.3530224,4.8995205],"Ladogameerhof 148|1060 RE|Amsterdam":[52.3504485,4.7821458],"Loenermark 498|1025 TS|Amsterdam":[52.3997166,4.9319194],"Marius Bauerstraat 235-E2|1062 AL|Amsterdam":[52.3626092,4.8362122],"Martin Luther Kinglaan 152|1111 LL|Diemen":[52.344775,4.9641867],"Martin Vlaarkade 57|1013 CS|Amsterdam":[52.388653,4.8810456],"Molukkenstraat 437|1095 BJ|Amsterdam":[52.3597998,4.9406973],"Moreelsestraat 37-4|1071 BJ|Amsterdam":[52.3552655,4.8825146],"Nassaukade 320-1|1053 LS|Amsterdam":[52.368757,4.8754287],"Nederhoven 34|1083 AN|Amsterdam":[52.3235948,4.8841046],"Nieuwe Jonkerstraat 24|1011 CM|Amsterdam":[52.3737307,4.9018627],"Nieuwe Prinsengracht 94-A|1018 VW|Amsterdam":[52.3637652556806,4.908894399366436],"Olof Palmeplein 80|1025 WT|Amsterdam":[52.397124,4.9426574],"Oostakkerstraat 49|1066 HR|Amsterdam":[52.3446175,4.8168007],"Oosterpark 37-B|1092 AL|Amsterdam":[52.358485,4.9199585],"Orteliusstraat 208-3|1056 PE|Amsterdam":[52.370528,4.8491394],"Orteliusstraat 244-H|1056 PJ|Amsterdam":[52.3714607,4.8486878],"Ouddiemerlaan 4-F|1111 HJ|Diemen":[52.3383659,4.9619695],"Ouddiemerlaan 6-E|1111 HJ|Diemen":[52.3383743,4.9619745],"Overtoom 352-2|1054 JG|Amsterdam":[52.3605457,4.8658636],"Paramariboplein 56-2|1058 AT|Amsterdam":[52.3600921,4.8548737],"Parnassusweg 22-3|1076 AP|Amsterdam":[52.3453979,4.8672005],"Piet Mondriaansingel 145|1112 WX|Diemen":[52.3304889,4.9599847],"Pieter Cornelisz. Hooftstraat 13|1071 BL|Amsterdam":[52.3609733,4.8837249],"Prinsengracht 183-2|1015 DS|Amsterdam":[52.3777824,4.8863394],"Rozengracht 214-A3|1016 NL|Amsterdam":[52.3726287,4.8769698],"Ruyschstraat 70-2|1091 CE|Amsterdam":[52.3576721,4.9113745],"Ruysdaelstraat 99-2|1071 XC|Amsterdam":[52.3530617,4.8789858],"Sassenheimstraat 28-H|1059 BH|Amsterdam":[52.3480839,4.8487806],"Schubertstraat 22|1077 GT|Amsterdam":[52.3476462,4.8778295],"Singel 144|1015 AG|Amsterdam":[52.3755508,4.889977],"Singel 70-G|1015 AC|Amsterdam":[52.37740195,4.89230535],"Sint Willibrordusstraat 48-2|1073 VC|Amsterdam":[52.3541973,4.9010487],"Standerdmolen 71|1035 ED|Amsterdam":[52.4169125,4.8901301],"Swammerdamstraat 8-2|1091 RT|Amsterdam":[52.358769,4.9069588],"Tapijtschelp 71|1112 DZ|Diemen":[52.3335876,4.9613633],"Tweede Wittenburgerdwarsstraat 29|1018 LP|Amsterdam":[52.3720389,4.9214699],"VOC-kade 76|1018 LG|Amsterdam":[52.372185,4.9267409],"Van Marumstraat 7|1098 RN|Amsterdam":[52.3503171,4.9381508],"Van Nijenrodeweg 724|1082 JE|Amsterdam":[52.3274995,4.8704471],"Van Oldenbarneveldtstraat 52-A|1052 KC|Amsterdam":[52.3753943,4.8743533],"Van Oldenbarneveldtstraat 57-1|1052 JT|Amsterdam":[52.3753331,4.8747507],"Van Ostadestraat 284-H|1073 TW|Amsterdam":[52.3533002,4.8994882],"Von Guerickestraat 70|1097 RB|Amsterdam":[52.3438105,4.9247733],"Vrolikstraat 130-A|1092 TN|Amsterdam":[52.3564553,4.9194757],"Vrolikstraat 317-2V|1091 VE|Amsterdam":[52.3563336,4.9181115],"Wamberg 39|1083 CW|Amsterdam":[52.3276291,4.8859658],"Warmoesstraat 10-4|1012 JD|Amsterdam":[52.3761739,4.8992361],"Warmoesstraat 10-5|1012 JD|Amsterdam":[52.37537190977981,4.898201881465519],"Westerdok 346|1013 BH|Amsterdam":[52.3845008,4.891698],"Weteringschans 139|1017 SE|Amsterdam":[52.3600713,4.889343],"Willem Dudokhof 221|1112 ZA|Diemen":[52.3302413,4.9607358],"Wolbrantskerkweg 76-B|1069 DA|Amsterdam":[52.3561269,4.7976434],"Zeeburgerdijk 9-E|1093 SJ|Amsterdam":[52.3660408,4.9273175],"Zeezigt 300|1111 TR|Diemen":[52.3539833,4.9737733]}