{"Adriaen van Ostadelaan 62|1181 WZ|Amstelveen":[52.3047316,4.8645301],"Albardagracht 104|1067 DZ|Amsterdam":[52.3805336,4.8022539],"Ampèrestraat 4|1098 NK|Amsterdam":[52.3539578,4.9412786],"Amsteldijk Zuid 135|1189 VK|Amstelveen":[52.2614984,4.875242],"Amsteldijk Zuid 164-A|1189 VM|Amstelveen":[52.2587847,4.8728782],"Assendelftstraat 1-3|1013 SN|Amsterdam":[52.3889515,4.8793679],"Balboaplein 82|1057 VS|Amsterdam":[52.3688073,4.8562082],"Bella Vistastraat 152|1096 GM|Amsterdam":[52.3380005,4.9191556],"Benedenlangs 1|1025 KB|Amsterdam":[52.3964682,4.9309102],"Berkenrodelaan 1-BV|1181 AH|Amstelveen":[52.3201735,4.8660561],"Bijlmerdreef 876|1103 DV|Amsterdam":[52.3205097,4.966393],"Bijlmerdreef 920|1103 DV|Amsterdam":[52.3207823,4.9671388],"Blankenstraat 141-3|1018 RW|Amsterdam":[52.370466,4.9307074],"Bonairestraat 65-1|1058 XD|Amsterdam":[52.3617292,4.8551621],"Bos en Vaartlaan 9|1181 AA|Amstelveen":[52.3213131,4.862809],"Bosboom Toussaintstraat 48-1|1054 AT|Amsterdam":[52.3654809,4.8753596],"Bosboom Toussaintstraat 48-2|1054 AT|Amsterdam":[52.3654762,4.8753638],"Burgemeester De Vlugtlaan 223|1063 BL|Amsterdam":[52.3817706,4.8181735],"Burgemeester Haspelslaan 154|1181 ND|Amstelveen":[52.3046196,4.8676038],"Burgemeester Haspelslaan 73-A|1181 NB|Amstelveen":[52.30370541400349,4.8665307326340255],"Burgemeester Haspelslaan 73-B|1181 NB|Amstelveen":[52.30406035770997,4.8658204205255755],"Burgemeester de Kievietstraat 6-B|1111 GN|Diemen":[52.3387181,4.9626292],"Carel Willinkgracht 105|1112 ZK|Diemen":[52.3295205,4.961342],"Carel Willinkgracht 815|1112 ZK|Diemen":[52.3285747,4.9634475],"Catharina van Renneslaan|1187 HA|Amstelveen":[52.28667658488305,4.832263589793663],"Ceramplein 45|1095 BS|Amsterdam":[52.3631631,4.9411376],"Columbusplein 42-2|1057 VB|Amsterdam":[52.3665168,4.8545319],"Cornelis Drebbelstraat 21-H|1097 AK|Amsterdam":[52.3534963,4.9281231],"Cornelis van Vollenhovenstraat 178|1063 KV|Amsterdam":[52.3810009,4.8207243],"Cruquiuskade 81|1018 AM|Amsterdam":[52.3676367,4.9288137],"Da Costalaan 38|1182 EH|Amstelveen":[52.3106625,4.8440546],"De Pauwentuin 33|1181 MP|Amstelveen":[52.3097167,4.8694849],"De Uitvlugt 16|1188 JV|Amstelveen":[52.2816512,4.8470965],"Derkinderenstraat 196|1061 VX|Amsterdam":[52.3678646,4.8406554],"Dijkmeerlaan 317|1096 DE|Amsterdam":[52.339166,4.9236804],"Dijkmeerlaan 435|1096 DE|Amsterdam":[52.339132,4.9238804],"Dolfijnhof 15|1033 AP|Amsterdam":[52.4165358,4.8817559],"Dr. Willem Dreesweg 367|1188 KK|Amstelveen":[52.280661,4.8498608],"Dr. Willem Dreesweg 377|1188 KK|Amstelveen":[52.2806601,4.8498604],"Droogbak 5-C|1013 GE|Amsterdam":[52.3798274,4.8939236],"Ennemaborg 97|1082 SN|Amsterdam":[52.3334206,4.8720654],"Eva Besnyöstraat 579|1087 LM|Amsterdam":[52.3489415,5.0101237],"Fideliolaan 26|1183 PL|Amstelveen":[52.300887,4.8794218],"Flevolaan 161|1181 GD|Amstelveen":[52.3161313,4.8611983],"Fluweelboomlaan 123|1185 PP|Amstelveen":[52.2911873,4.8538677],"Fokkerlaan 10|1185 JC|Amstelveen":[52.3001434,4.8500556],"Frans Halslaan 32|1181 TL|Amstelveen":[52.3065684,4.8636826],"Geerdinkhof 127|1103 PT|Amsterdam":[52.3243964,4.9856305],"Geervliet 87|1082 NM|Amsterdam":[52.3313094,4.8806283],"Geervliet 93|1082 NM|Amsterdam":[52.3312645,4.8806288],"Gillis van Ledenberchstraat 93 2|1052 VB|Amsterdam":[52.376614700233496,4.872115490587807],"Gillis van Ledenberchstraat 93-1|1052 VB|Amsterdam":[52.3759859,4.8719236],"Gillis van Ledenberchstraat 93-H|1052 VB|Amsterdam":[52.3759863,4.8719241],"Gouden Leeuw 825|1103 KS|Amsterdam":[52.3251979,4.9731112],"Graaf Aelbrechtlaan 165|1181 SV|Amstelveen":[52.3079603,4.8611514],"Graaf Florislaan 12|1181 EB|Amstelveen":[52.316749,4.8574049],"Groenhof 314|1186 GJ|Amstelveen":[52.2890557,4.8683529],"Haagbeuklaan 66|1185 KM|Amstelveen":[52.294209,4.8492329],"Haarlemmermeerstraat 66-2|1058 KC|Amsterdam":[52.3558733,4.8500946],"Haarlemmerweg 141-H|1051 KX|Amsterdam":[52.3853099,4.872917],"Havikskruid 135|1112 NK|Diemen":[52.33393,4.954969],"Heemraadschapslaan 72-A|1181 VC|Amstelveen":[52.3075401,4.8583063],"Herengracht 86-1|1015 BS|Amsterdam":[52.3768066,4.8893755],"Hoeksewaard 39|1181 CC|Amstelveen":[52.3190413,4.8683682],"Hoeksewaard 67|1181 CC|Amstelveen":[52.319044,4.8683688],"Hudsonstraat 48-H|1057 SM|Amsterdam":[52.3660299,4.8541566],"Jacob de Graeflaan 31|1181 DK|Amstelveen":[52.317498,4.8625031],"Jan Haringstraat 16-4|1056 XJ|Amsterdam":[52.3763017,4.8613884],"Javakade 168|1019 RW|Amsterdam":[52.3779411,4.930014],"Johan van Soesdijkstraat 47-II|1111 BB|Diemen":[52.3402048,4.9541943],"Johannes Calvijnlaan 45|1185 BL|Amstelveen":[52.2956074,4.8619431],"Johannes Calvijnlaan 63|1185 BL|Amstelveen":[52.295695,4.86203],"Julianaplantsoen 157|1111 XK|Diemen":[52.3410402,4.968118],"Jupiter 165|1188 EG|Amstelveen":[52.2784519,4.8528678],"Kardinaal de Jongstraat 6|1181 MH|Amstelveen":[52.3056066,4.8697004],"Kastanjelaan 311|1185 MX|Amstelveen":[52.2971673,4.8460512],"Keizer Karelweg 327|1181 RD|Amstelveen":[52.3066699,4.8561173],"Keizer Karelweg 403|1181 RG|Amstelveen":[52.3104655,4.8562077],"Kinkerstraat 87-1|1053 DH|Amsterdam":[52.3668426,4.8712663],"Korte Blekersstraat 22-3|1053 TM|Amsterdam":[52.3694148,4.8654657],"Korte Van Eeghenstraat 2-C|1071 ER|Amsterdam":[52.3582327,4.875506],"Kringloop 105|1186 GT|Amstelveen":[52.2863166,4.8687338],"Kringloop 33|1186 GR|Amstelveen":[52.2863215,4.8687285],"Kringloop 41|1186 GS|Amstelveen":[52.286321,4.8687291],"Krugerstraat 29-C|1091 LD|Amsterdam":[52.3525589,4.9183133],"Kuipersstraat 164-1|1073 EV|Amsterdam":[52.3530224,4.8995205],"Ladogameerhof 148|1060 RE|Amsterdam":[52.3504485,4.7821458],"Loenermark 498|1025 TS|Amsterdam":[52.3997166,4.9319194],"Logger 199|1186 RR|Amstelveen":[52.2824044,4.8604353],"Logger 237|1186 MH|Amstelveen":[52.2825726,4.8593329],"Luttickduin 79|1187 JP|Amstelveen":[52.284763,4.8237839],"Maarten Lutherweg 195|1185 AM|Amstelveen":[52.2915506,4.8619084],"Maarten Lutherweg 82|1185 AP|Amstelveen":[52.2948628,4.8644722],"Marius Bauerstraat 235-E2|1062 AL|Amsterdam":[52.3626092,4.8362122],"Martin Luther Kinglaan 152|1111 LL|Diemen":[52.344775,4.9641867],"Martin Vlaarkade 57|1013 CS|Amsterdam":[52.388653,4.8810456],"Max Havelaarlaan 339-A|1183 LV|Amstelveen":[52.3066311,4.8734096],"Max Havelaarlaan 503|1183 NA|Amstelveen":[52.3070319,4.8762005],"Meander 217|1181 WN|Amstelveen":[52.3021007,4.8597261],"Meander 97|1181 WN|Amstelveen":[52.3015042,4.8594604],"Meander 9|1181 WN|Amstelveen":[52.3019781,4.8575672],"Meidoornlaan 10|1185 JX|Amstelveen":[52.2980507,4.8479176],"Molukkenstraat 437|1095 BJ|Amsterdam":[52.3597998,4.9406973],"Moreelsestraat 37-4|1071 BJ|Amsterdam":[52.3552655,4.8825146],"Mr. G. Groen van Prinstererlaan 153|1181 TS|Amstelveen":[52.3041038,4.8671547],"Nassaukade 320-1|1053 LS|Amsterdam":[52.368757,4.8754287],"Nederhoven 34|1083 AN|Amsterdam":[52.3235948,4.8841046],"Nieuwe Jonkerstraat 24|1011 CM|Amsterdam":[52.3737307,4.9018627],"Nieuwe Prinsengracht 94-A|1018 VW|Amsterdam":[52.3637652556806,4.908894399366436],"Noorddammerweg 3-F|1187 CM|Amstelveen":[52.2928441,4.833767],"Ockenburgh 30|1187 GV|Amstelveen":[52.2870563,4.8252051],"Olof Palmeplein 80|1025 WT|Amsterdam":[52.397124,4.9426574],"Oostakkerstraat 49|1066 HR|Amsterdam":[52.3446175,4.8168007],"Oostelijk Halfrond 117|1183 EP|Amstelveen":[52.3100058,4.8802365],"Oosterpark 37-B|1092 AL|Amsterdam":[52.358485,4.9199585],"Orinoco 21|1186 HW|Amstelveen":[52.2860842,4.8704395],"Orteliusstraat 208-3|1056 PE|Amsterdam":[52.370528,4.8491394],"Orteliusstraat 244-H|1056 PJ|Amsterdam":[52.3714607,4.8486878],"Ouddiemerlaan 4-F|1111 HJ|Diemen":[52.3383659,4.9619695],"Ouddiemerlaan 6-E|1111 HJ|Diemen":[52.3383743,4.9619745],"Overtoom 352-2|1054 JG|Amsterdam":[52.3605457,4.8658636],"Paramariboplein 56-2|1058 AT|Amsterdam":[52.3600921,4.8548737],"Parnassusweg 22-3|1076 AP|Amsterdam":[52.3453979,4.8672005],"Piet Mondriaansingel 145|1112 WX|Diemen":[52.3304889,4.9599847],"Piet de Winterlaan 15|1183 WD|Amstelveen":[52.3150006,4.8835187],