{"Nieuwe Prinsengracht 94-A|1018 VW|Amsterdam":[52.3637652556806,4.908894399366436],"Oosterpark 37-B|1092 AL|Amsterdam":[52.358485,4.9199585],"Ruyschstraat 70-2|1091 CE|Amsterdam":[52.3576721,4.9113745]}